{
  "version": 1,
  "author": "Anonymous maker",
  "editor": "wokwi",
  "parts": [
    { "type": "wokwi-breadboard", "id": "bb1", "top": 64.2, "left": 2.8, "attrs": {} },
    {
      "type": "wokwi-arduino-uno",
      "id": "uno",
      "top": -175.8,
      "left": 116.6,
      "rotate": 90,
      "attrs": {}
    },
    { "type": "wokwi-relay-module", "id": "relay1", "top": 134.6, "left": 211.2, "attrs": {} },
    { "type": "board-ds18b20", "id": "temp1", "top": 75.67, "left": 522.48, "attrs": {} },
    {
      "type": "wokwi-resistor",
      "id": "r1",
      "top": 168,
      "left": 508.25,
      "rotate": 90,
      "attrs": { "value": "1000" }
    },
    { "type": "wokwi-led", "id": "led2", "top": 82.8, "left": 445.4, "attrs": { "color": "red" } },
    {
      "type": "wokwi-resistor",
      "id": "r2",
      "top": 158.4,
      "left": 441.05,
      "rotate": 90,
      "attrs": { "value": "1000" }
    },
    {
      "type": "wokwi-buzzer",
      "id": "bz1",
      "top": 98.4,
      "left": 673.8,
      "attrs": { "volume": "0.1" }
    }
  ],
  "connections": [
    [ "uno:GND.2", "bb1:tn.6", "black", [ "h0" ] ],
    [ "uno:5V", "bb1:tp.8", "red", [ "h0" ] ],
    [ "bb1:tn.41", "bb1:53t.c", "green", [ "v0" ] ],
    [ "bb1:tp.47", "bb1:55t.d", "green", [ "v0" ] ],
    [ "bb1:tp.49", "r1:2", "green", [ "v0" ] ],
    [ "bb1:tn.35", "led2:C", "green", [ "v0" ] ],
    [ "relay1:NO", "r2:2", "green", [ "h39.6", "v-1.8" ] ],
    [ "uno:11", "relay1:COM", "green", [ "h19.2", "v202.2", "h0" ] ],
    [ "relay1:VCC", "bb1:tp.10", "red", [ "h0" ] ],
    [ "relay1:GND", "bb1:tn.11", "black", [ "h0" ] ],
    [ "relay1:IN", "uno:4", "green", [ "h-19.2", "v-173" ] ],
    [ "uno:8", "temp1:DQ", "green", [ "h297.6", "v163.6" ] ],
    [ "relay1:VCC", "bb1:20t.e", "", [ "$bb" ] ],
    [ "relay1:NC", "bb1:32t.e", "", [ "$bb" ] ],
    [ "temp1:GND", "bb1:53t.b", "", [ "$bb" ] ],
    [ "temp1:DQ", "bb1:54t.b", "", [ "$bb" ] ],
    [ "temp1:VCC", "bb1:55t.b", "", [ "$bb" ] ],
    [ "r1:1", "bb1:54t.d", "", [ "$bb" ] ],
    [ "r1:2", "bb1:54b.h", "", [ "$bb" ] ],
    [ "led2:A", "bb1:47t.b", "", [ "$bb" ] ],
    [ "led2:C", "bb1:46t.b", "", [ "$bb" ] ],
    [ "r2:1", "bb1:47t.c", "", [ "$bb" ] ],
    [ "r2:2", "bb1:47b.g", "", [ "$bb" ] ],
    [ "uno:10", "bz1:2", "green", [ "h412.8", "v250.3", "h-48" ] ],
    [ "bz1:1", "bb1:tn.50", "green", [ "v19.2", "h-9.6" ] ]
  ],
  "dependencies": {}
}